city,google,booking,tripadvisor
Austin,848.000.000,639,1.165
Wrocław,105.000.000,970,439
Innsbruck,117.000.000,288,306
Villefranche-sur-Saône,11.400.000,16,28
Zakopane,25.900.000,2.227,203
Lisbon,178.000.000,4.407,3.052
Lübeck,75.800.000,204,131
Poznań,103.000.000,714,445
Portland,548.000.000,47,1.165
Catania,113.000.000,1.726,547
Glasgow,339.000.000,623,1.107
Las Vegas,610.000.000,403,2.387
Brno,110.000.000,237,343
Chicago,1.620.000.000,485,2.405
Berlin,1.440.000.000,1.290,3.34
Leuven,105.000.000,56,149
Melbourne,574.000.000,1.062,1.979
Hong Kong Island,12000000,115,2.463
Pittsburgh,418.000.000,121,454
San Francisco,1.160.000.000,287,2.327
Patras,15.400.000,129,53
Hefei City,9.240.000,12,106
Hsinchu,21.500.000,51,132
New Hampshire,307.000.000,1.072,2.132
New York,3.550.000.000,581,5.622
Athens,293.000.000,4.859,2.353
Sydney,769.000.000,1.105,2.366
Wuhan,216000000,169,559
Santa Barbara,229.000.000,95,453
Seattle,841.000.000,272,1.342
Uppsala,118.000.000,40,76
Washington,1.990.000.000,276,1.265
Tallinn,129.000.000,593,790
Bangkok,241.000.000,1.908,3.549
Hyderabad,379.000.000,364,574
Santiago,580.000.000,392,1.718
Turku,76.700.000,141,160
Stirling,134.000.000,111,187
Versailles,138.000.000,70,181
Belfast,206.000.000,268,699
Jiangmen,12.900.000,11,60
Monterey County,66.900.000,75,606
Augsburg,109.000.000,126,134
Maputo,28.900.000,66,102
Brisbane City,168.000.000,444,1.146
Xi'an,582.000.000,269,484
Oulu,45.500.000,106,119
Budapest,234.000.000,2.800,2.409
Worcester,144.000.000,100,97
Zagreb,338.000.000,1.401,848
Toulouse,267.000.000,720,574
Sendai,44.500.000,123,648
Bengaluru,199.000.000,988,1.115
Aachen,125.000.000,100,147
Tokyo,730.000.000,3.093,12.06
Venice,260.000.000,2.801,1.94
Florence,337.000.000,3.377,2.244
Grenoble,141.000.000,238,261
Haifa,53.000.000,235,194
Palo Alto,188.000.000,31,76
London,2.310.000.000,4.837,8.394
Barcelona,797.000.000,2.508,4.765
Burgos,108.000.000,182,149
Long Beach,1.360.000.000,103,238
Los Angeles,1.280.000.000,882,2.68
Jyväskylä,29.200.000,68,66
Rome,674.000.000,5.441,5.978
Minneapolis,298.000.000,86,518
Edinburgh,656.000.000,1.583,1.681
Udine,70.900.000,108,359
Tianjin,56.100.000,136,485
Moscow,332.000.000,,7.287
Nara,143.000.000,139,429
Alexandria,229.000.000,517,174
Toronto,893.000.000,324,2.09
Helsinki,260.000.000,359,1.028
Yokohama,3.350.000.000,172,1.51
Beijing,352.000.000,447,2.657
Vancouver,539.000.000,183,1.347
Salvador,696.000.000,732,552
Kobe,169.000.000,141,1.294
Saarbrücken,63.800.000,111,75
Montreal,470.000.000,332,1.31
Marrakesh,19.000.000,2.550,3.408
Novosibirsk,26.200.000,,509
Tanta,240.000.000,3,1
Nairobi,145.000.000,1.778,1.781
Antalya,170.000.000,696,746
Munich,325.000.000,559,1.214
Detroit,367.000.000,73,347
Kollam,47.000.000,34,59
Regensburg,99.900.000,136,174
Boston,1.170.000.000,243,1.124
Seoul,305.000.000,660,2.541
New Brunswick,240.000.000,246,1.075
Cambridge,1.240.000.000,255,426
Fullerton,71.300.000,18,3.145
Aegean,61.600.000,,15
Scotland,597.000.000,14.038,11.986
Houston,875.000.000,1.164,1.125
Bern,203.000.000,98,224
San Diego,868.000.000,980,1.704
Kilkenny,40.000.000,77,182
Norfolk,322.000.000,2.516,1.356
Lyon,460.000.000,846,840
Madrid,970.000.000,3.188,3.488
Dublin,608.000.000,352,1.868
San Jose,484.000.000,200,490
Victoria,1.090.000.000,177,537
Atlanta,770.000.000,860,865
San Antonio,645.000.000,140,780
Orlando,506.000.000,1.998,1.535
Creully sur Seulles,191.000,,4
Perth,265.000.000,477,676
Galway,95.100.000,223,438
Gaithersburg,37.200.000,11,43
Paris,1.760.000.000,4.950,8.128
Dallas,826.000.000,397,739
Salamanca,154.000.000,293,209
Annecy,78.900.000,716,207
Buenos Aires,316.000.000,1.820,2.659
Alberta,353.000.000,1.316,3.697
Arlington,233.000.000,100,158
Adelaide,281.000.000,243,674
Szeged,32.400.000,261,90
Winnipeg,186.000.000,192,431
Madison,573.000.000,60,237
Palm Springs,137.000.000,620,250
New Delhi,669.000.000,1.450,2.986
Maui County,35.200.000,,205
Anchorage,134.000.000,108,477
Heidelberg,231.000.000,158,209
New Orleans,383.000.000,503,1.445
Palma,283.000.000,288,773
Utrecht,191.000.000,77,333
Enschede,44.700.000,40,76
Miami,775.000.000,514,800
Yongsan-gu,3.820.000,40,2.541
Nice,2.620.000.000,2.401,875
College Station,551.000.000,60,61
California,3.130.000.000,15.345,28.137
Bucharest,103.000.000,1.891,1.298
Prague,755.000.000,1.866,4.078
Amsterdam,613.000.000,1.055,3.046
Hakodate,10.300.000,108,384
Rotterdam,214.000.000,127,547
Warsaw,171.000.000,2.934,1.384
Baltimore,451.000.000,139,599
Turin,116.000.000,1.438,1.01
Ottawa,314.000.000,139,713
Sofia,336.000.000,925,979
Edmonton,277.000.000,168,524
Cincinnati,300.000.000,116,429
Taipei,235.000.000,500,1.635
Gevaş,1.420.000,,60
Vienna,426.000.000,2.097,2.029
Atlantic City,390.000.000,129,148
Rio de Janeiro,358.000.000,2.436,2.555
Trier,126.000.000,134,265
Lake Garda,17.100.000,6.512,1.003
Birmingham,500.000.000,1.017,883
Burlington,180.000.000,29,145
Florida,1.600.000.000,30.514,25.977
Arequipa,67.500.000,275,336
Shizuoka,38.800.000,945,635
Hammamet,8.300.000,119,58
Bratislava,115.000.000,382,722
Kyoto,183.000.000,1.968,3.502
Málaga,138.000.000,3.512,871
Colmar,49.600.000,518,140
Mumbai,577.000.000,729,1.398
Addison,174.000.000,20,21
Saint Louis,336.000.000,118,617
Philadelphia,748.000.000,381,1.05
Milan,484.000.000,3.697,2.932
Salerno,104.000.000,598,253
Denver,509.000.000,286,914
Fredericton,130.000.000,18,97
Naples,173.000.000,3.751,1.859
Kos Regional Unit,3.240.000,159,6
Jeju,42.100.000,548,461
A Coruña,114.000.000,317,193
Geneva,364.000.000,168,590
Chongqing,51.100.000,186,465
Aarhus,109.000.000,52,432
Valencia,451.000.000,1.396,1.095
Rehovot,5.680.000,13,25
Honolulu,138.000.000,767,1.516
Maringá,52.400.000,66,61
Porto,495.000.000,763,1.326
Halifax,158.000.000,71,303
Marseille,254.000.000,1.244,826
Sorrento,254.000.000,1.013,500
Frankfurt,368.000.000,300,859
Pacific Grove,76.600.000,28,70
Delft,103.000.000,39,135
Hiroshima,92.400.000,376,629
Saint Petersburg,118.000.000,,5.027
Auckland,183.000.000,648,1.663
Lille,236.000.000,467,492
Liverpool,465.000.000,711,1.333
Gwangju,14.000.000,55,85
Guilin,15.100.000,59,267
Exeter,148.000.000,210,246
City of Brussels,188.000.000,596,1.33
Dusseldorf,59.300.000,448,481
Waikoloa Village,1.590.000,,68
Osaka Prefecture,53.700.000,2.199,5.584
Park City,1.730.000.000,799,8.128
Salt Lake City,269.000.000,127,396
Ann Arbor,193.000.000,57,179
Kansas City,466.000.000,264,361
Guangzhou,103.000.000,421,838
Eindhoven,114.000.000,61,211
Chennai,397.000.000,642,894
Carlsbad,80.400.000,94,153
York,3.210.000.000,1.089,679
Region of Crete,65.500.000,2.759,119
Dakar,122.000.000,350,119
Ho Chi Minh City,76.200.000,1.622,2.324
Jaipur,184.000.000,751,1.731
Stockholm,471.000.000,277,953
Oakland,266.000.000,54,216
Bologna,234.000.000,1.317,843
Braga,132.000.000,234,198
Brighton,211.000.000,647,549
Macau,184.000.000,58,445
Canterbury,160.000.000,202,296
Shanghai,352.000.000,551,2.086
Graz,129.000.000,267,348
Copenhagen,272.000.000,515,1.294
Taichung,34.300.000,324,799
Shenzhen,110.000.000,232,613
Würzburg,106.000.000,147,142
Varna,85.500.000,862,220
Kaohsiung,34.200.000,317,650
Como,6.020.000.000,539,234
Bari,215.000.000,1.064,351
Karachi,175.000.000,175,195
Kunming,16.900.000,104,250
Pisa,189.000.000,484,389
Aspen,143.000.000,171,168
Krakow,113.000.000,2.406,1.528
Ljubljana,97.600.000,562,688
Corvallis,28.200.000,17,67
Seville,86.400.000,2.465,1.364
Split,1.320.000.000,4.271,867
Genoa,85.000.000,941,675
Antwerp,374.000.000,427,544
Gothenburg,73.900.000,113,320
Timișoara,17.100.000,472,277
Higüey,4.550.000,25,21
Morgantown,30.300.000,29,53
Newcastle upon Tyne,68.900.000,288,633
Davis,794.000.000,17,38
Sacramento,349.000.000,110,377
Iowa City,354.000.000,13,64
Larnaca,18.200.000,560,245
Daejeon,18.600.000,30,261
Cancun,124.000.000,1.145,1.576
Thessaloniki,64.100.000,1.231,566
Salt Lake County,141.000.000,127,30
Bergen,244.000.000,156,387
São Paulo,476.000.000,2.112,2.154
Durham,277.000.000,108,161
College Park,885.000.000,74,16
Chiba,105.000.000,527,286
Texas,1.840.000.000,12.339,13.631
Limassol,36.100.000,401,340
Opatija,11.500.000,696,55
Ulsan,12.500.000,28,114
Mestre,121.000.000,208,134
Jacksonville,209.000.000,262,493
The Hague,143.000.000,116,574
Milwaukee,360.000.000,111,441
Cleveland,440.000.000,125,389
Bilbao,1.070.000.000,447,370
Santa Clara County,71.100.000,29,1
Qingdao City,14.800.000,21,335
Essen,508.000.000,227,176
Dalian,28.500.000,68,329
Leipzig,249.000.000,541,384
Quebec,402.000.000,308,536
Guanliping Subdistrict,449,117,115
Jinan City,8.610.000,98,237
Longhu Subdistrict,61.500,117,4
Chengdu City,33.300.000,109,558
Cupertino,40.100.000,8,31
Dresden,186.000.000,556,495
Nanjing City,27.600.000,68,445
Istanbul,424.000.000,3.761,4.351
Wallis,261.000.000,5,42
Münster,141.000.000,108,164
Salzburg,136.000.000,278,450
Fairfax,123.000.000,19,69
Lanzhou,10.400.000,39,83
Massachusetts,1.080.000.000,1.941,6.777
Gold Coast,390.000.000,1.128,1.009
Magdeburg,81.700.000,109,181
Hawaii,675.000.000,3.493,6.125
New Mexico,1.550.000.000,1.798,2.733
Rethymno,6.690.000,515,247
okres Jablonec nad Nisou,2.450.000,32,21
Medford,78.500.000,40,75
Harbin,27.500.000,75,248
Chiang Mai,53.400.000,1.225,1.627
Cape Town,406.000.000,2.739,1.392
Basel,250.000.000,140,297
Kuala Lumpur,149.000.000,1.679,1.265
Phuket Province,17.300.000,2.508,2.507
Cairns,129.000.000,171,469
Albi,59.900.000,34,57
Tucson,213.000.000,369,768
Tampa,339.000.000,409,724
Orleans,420.000.000,165,2.387
Lugano,64.100.000,219,143
Nagoya,98.000.000,339,1.138
Vigo,110.000.000,373,187
Yinchuan City,1.700.000,32,63
Zhangjiajie,4.830.000,82,115
Batumi,14.400.000,2.975,192
Mação,174.000.000,58,445
Dunedin,56.400.000,129,231
Pasadena,136.000.000,42,150
Samos Regional Unit,1.340.000,159,599
Manchester,14.220.000.000,736,839
Sousse,14.000.000,161,53
Pomona,59.000.000,11,24
Coimbatore,125.000.000,147,146
Valletta,28.300.000,202,264
Tsuen Wan,12.600.000,4,2.463
Orange County,729.000.000,781,1.638
Mianyang,2.680.000,8,37
Gemeinde Sölden,414.000,,15
Villach,20.700.000,90,115
Memphis,246.000.000,178,340
Bali,347.000.000,8.222,9.835
Nanchang,9.640.000,109,117
Covington,81.700.000,12,39
Shanhua District,774.000,3.484,7
Xiamen City,13.500.000,94,350
Foster City,315.000.000,4,8
Calgary,297.000.000,231,864
Hunan,60.000.000,379,2.049
Angers,122.000.000,164,159
Castile and León,77.100.000,237,149
Amherst,111.000.000,19,37
Oita Prefecture,5.150.000,61,1.636
Penang,93.400.000,971,620
Ulster County,44.900.000,123,38
Cairo,204.000.000,1.333,1.543
Phoenix,723.000.000,565,648
Florianópolis,82.300.000,2.144,482
City of Schenectady,14.000.000,4.836,2.342
Verona,162.000.000,1.192,560
Ulm,120.000.000,54,81
Lausanne,135.000.000,110,242
Goa,253.000.000,2.216,1.092
Tehran,116.000.000,,407
Nafpaktos,1.090.000,88,18
Achrafieh,2.350.000,9,329
Corfu Regional Unit,1.220.000,159,3
Granada,189.000.000,1.096,749
Vilnius,107.000.000,608,704
Dubrovnik,48.100.000,2.732,771
Kashiwa,8.660.000,11,151
Goochland County,2.680.000,1.162,5
Maoming City,3.410.000,10,20
Muroran,1.350.000,36,76
Oak Ridge,143.000.000,9,33
Gran,1.450.000.000,4.859,1.367
Raleigh,213.000.000,121,399
Shenyang City,10.300.000,66,271
Dadri,10.100.000,2,560
Thira Municipal Unit,44.800,375,55
Mrągowo,8.300.000,226,22
Nanping City,3.400.000,4.833,445
Bergamo,116.000.000,418,286
Palermo,179.000.000,2.289,997
Kuching,40.800.000,261,204
San Juan,458.000.000,296,782
Baoding City,2.750.000,4.832,50
City of Cape Town,224.000.000,2.024,6
Limerick,93.200.000,37,237
Cascais,29.700.000,351,268
Umeå,45.100.000,22,49
Fuzhou,18.200.000,46,158
Manuf,25.900.000,397,194
Gdansk,66.800.000,3.918,558
Zhuhai,14.600.000,68,173
Bielefeld,103.000.000,80,150
okres Šumperk,7.990.000,12,7
Dhaka,151.000.000,185,268
Funchal,26.000.000,966,542
Toyama Prefecture,6.710.000,6,1.122
Datong,6.100.000,19,157
Bamberg,56.500.000,86,122
Nantes,186.000.000,316,372
Redondo Beach,28.300.000,17,83
Casablanca,113.000.000,651,877
Oldenburg,83.800.000,85,62
Indianapolis,270.000.000,252,457
Lawrence,568.000.000,25,103
Yantai City,3.130.000,41,84
Nashville,340.000.000,538,905
Tallahassee,110.000.000,73,159
Napa,111.000.000,139,909
Notre Dame,1.740.000.000,4.740,1.137
Hanover,128.000.000,559,16
Kauaʻi County,9.790.000,250,58
Monastir,17.000.000,57,27
Bolzano - Bozen,12.200.000,,261
West Bengal,216.000.000,1.641,1.392
Sapporo,74.200.000,722,1.081
Princeton,383.000.000,18,67
Reno Lake,89.200.000,,320
Reno,212.000.000,76,320
Fort Worth,303.000.000,160,385
Batna,9.010.000,,9
Yiyang,3.930.000,,2.657
Hanoi,122.000.000,1.328,2.955
Clearwater,124.000.000,734,342
Belo Horizonte,130.000.000,240,420
Coronado,76.600.000,21,95
Coventry,138.000.000,221,181
Sitges,18.000.000,439,141
Boca Raton,120.000.000,27,205
Muscat,97.500.000,139,372
Ghent,62.400.000,262,415
Cardiff,181.000.000,455,499
Haikou City,3.140.000,68,111
Piraeus,17.100.000,238,123
Beppu,8.390.000,150,198
Daegu,24.400.000,53,315
Hangzhou City,29.700.000,42,492
Marburg,61.600.000,51,35
Lima,671.000.000,1.237,1.459
Pafos,4.860.000,732,299
Cholula de Rivadavia,646.000,62,1.853
Reedy Creek Improvement District,1.010.000,175,1
Irvine,211.000.000,33,96
Nicosia,50.500.000,145,400
Yunnan,43.300.000,466,8.128
Joinville,65.200.000,68,97
Kharagpur,30.800.000,,2
Kaiserslautern,43.900.000,59,79
Heraklion,29.000.000,436,354
Fukuoka Prefecture,16.800.000,717,3.027
Queensland,245.000.000,6.566,7.619
Triest,11.200.000,437,875
Brunswick,231.000.000,86,54
Charlotte,706.000.000,387,536
Tsukuba,23.300.000,17,117
La Jolla,124.000.000,154,163
Le Gosier,5.460.000,332,50
Aberystwyth,14.700.000,156,67
Interlaken,22.200.000,185,128
Linz,124.000.000,102,159
Miyazaki,69.400.000,76,237
Islamabad,108.000.000,243,168
Swansea,110.000.000,294,277
Krabi Province,7.200.000,110,947
Dubai,639.000.000,6.013,3.504
Wellington,275.000.000,95,456
Porto Santo,119.000.000,164,86
Poitiers,77.200.000,143,97
Johannesburg,162.000.000,1.020,733
Lake Tahoe,57.600.000,1.611,474
Oslo,263.000.000,161,889
Medina County,34.600.000,,5
Newark,176.000.000,59,62
Gaziantep,102.000.000,32,69
Ostrava,71.400.000,112,114
Bochum,101.000.000,57,136
Lieksa,2.360.000,8,9
Constanța,14.700.000,938,149
Norrköping,32.700.000,32,50
Savannah,264.000.000,548,691
Hamburg,481.000.000,610,1.164
Michigan,958.000.000,2.387,6.736
Montevideo,104.000.000,221,497
Reggio Calabria,48.000.000,247,190
Wroclaw,81.600.000,970,439
Wollongong City Council,4.820.000,,2.657
Albuquerque,171.000.000,156,531
Oxford,1.230.000.000,317,456
Karlsruhe,153.000.000,136,169
Xuzhou,6.230.000,61,80
Havana,111.000.000,,694
Niagara Falls,117000000,147,345
Cádiz,82.600.000,1.071,231
Tehri,12.400.000,8,31
Egham,6.400.000,13,20
Hamilton,722.000.000,92,42
Malmo,30.900.000,68,253
North Carolina,727.000.000,527,8.567
Bremen,212.000.000,282,323
Jounieh,3.210.000,35,25
Jiangxi,16.700.000,287,859
Fort Collins,116.000.000,103,227
Columbia County,298.000.000,,114
Nottingham,177.000.000,312,546
Hailar District,462.000,3.484,86
Girona,103.000.000,323,186
Busan,70.400.000,282,603
Reykjavik,51.000.000,293,908
Charleston,188.000.000,350,812
Doha,140.000.000,157,338
Hildesheim,34.100.000,39,79
Fez,364.000.000,517,267
Pune,518.000.000,424,623
French Polynesia,171.000.000,458,812
Ji'an City,1.940.000.000,700,26
Evanston,64.400.000,8,61
Padua,46.700.000,298,630
Grafton County,13.200.000,312,4
Iași,18.100.000,283,131
Asan-si,17.500.000,,23
Omaha,167.000.000,96,344
Cocoa Beach,60.600.000,79,147
Changzhou,10.200.000,54,105
Zurich,230.000.000,257,917
Hainan Province,9.120.000,,206
Lancaster,199.000.000,98,182
Loughborough,40.800.000,44,84
Halmstad,24.900.000,27,81
Cagliari,103.000.000,972,368
Kolonnawa,1.430.000,,114
Dongguan,12.000.000,88,369
Stavanger,68.100.000,87,180
Nagano Prefecture,11.700.000,,3.294
Fasano,14.500.000,197,77
Armação dos Búzios,4.820.000,29,183
Hillsborough County,44.200.000,18,36
San Francisco Bay,312.000.000,287,2.327
Williamsburg,81.500.000,16,220
Kumamoto Prefecture,6.230.000,145,1.605
Nuremberg,75.300.000,285,419
Amman,238.000.000,336,519
St Andrews,190.000.000,152,155
Gangnam-gu,11.000.000,83,2.541
Donostia / San Sebastián,13.400.000,789,339
Matsue,4.670.000,53,233
Newcastle,1.650.000.000,288,633
Rockville,1.550.000.000,2,63
Plainsboro Township,1.830.000,635,4
Las Cruces,129.000.000,42,104
Antibes,39.400.000,764,212
Giza,62.600.000,305,507
Ustroń,7.460.000,182,15
Kassel,119.000.000,243,96
Tampere,107.000.000,174,252
Newport Beach,201.000.000,109,40
Odense,59.000.000,40,228
Poprad,29.700.000,126,61
Castelló / Castellón,16.200.000,,70
Guadalajara,1.210.000.000,476,390
Bordeaux,263.000.000,652,919
Sheffield,1.220.000.000,217,605
Pahang,38.200.000,1.356,344
Rennes,1.260.000.000,270,218
Caserta,59.100.000,171,146
Nanning,8.390.000,52,129
San Miniato,5.870.000,72,56
Yangzhou City,14.000.000,35,94
Suzhou City,17.900.000,24,407
Haiphong,15.900.000,126,47
Tozeur,3.910.000,19,32
Redwood City,114.000.000,20,40
Gyeongju-si,1.250.000,42,603
Providence,1.360.000.000,40,284
Essex County,144.000.000,68,121
Capital Regional District,948.000.000,271,760
Valparaíso,70.000.000,182,286
Zaragoza,152.000.000,298,345
Bristol,2.270.000.000,467,665
Toruń,54.500.000,552,151
Trabzon,144.000.000,352,73
City of Bradford,204.000.000,,2.342
Trondheim,57.400.000,40,199
Trujillo,105.000.000,49,103
Quarteira,4.450.000,594,164
Paraty,13.000.000,672,370
Okinawa Prefecture,17.200.000,485,3.505
Guiyang,9.610.000,92,127
Kharkiv,48.200.000,392,362
Pavia,118.000.000,98,174
Roskilde,30.900.000,16,83
Cali,1.430.000.000,15.344,28.137
Jammu,1.100.000.000,27,47
Bhubaneswar (M.Corp.),1.010.000,,125
Montpellier,1.340.000.000,511,443
Belgrade,122.000.000,1.784,859
Scottsdale,111.000.000,614,520
Rotorua District,3.990.000,144,237
Bhopal,132.000.000,177,119
Santo André,150.000.000,18,56
Gdynia,56.000.000,1.305,130
Kitakyushu,9.910.000,63,474
City of Troy,971.000.000,97,2.342
Ohrid,8.180.000,871,111
City of Subotica,4.400.000,4.832,2.342
Passau,45.700.000,53,65
Mahdia,6.930.000,50,18
Okayama,37.400.000,104,460
Štrba,1.580.000,33,
Grasse,101.000.000,106,83
Baltimore County,2.460.000.000,12,599
Guildford,83.700.000,30,149
Mangalore,107.000.000,70,105
Municipality of Syros and Ermoupoli,195.000,515,533
Taormina,20.400.000,772,208
Parma,800.000.000,272,280
Paderborn,57.800.000,51,64
Wiener Neustadt,15.900.000,17,51
Tangier,12.200.000,488,369
Kinsale,7.550.000,45,77
Bournemouth,124.000.000,495,265
Bellevue,558.000.000,,96
Torcy,6.610.000,12,9
Hongzhou,1.070.000,,492
Town of Yorktown,11.000.000,32,11
Luoyang,6.490.000,74,104
Rabat,293.000.000,295,188
Sedona,62.200.000,224,573
Boone,310.000.000,48,86
Iowa,2.370.000.000,13,64
Riva del Garda,10.400.000,415,78
Wailea,5.390.000,217,66
Eugene,2.490.000.000,55,201
Taiyuan,7.810.000,75,152
Columbus,2.170.000.000,221,418
Cannes,1.520.000.000,2.923,290
Abu Dhabi,1.270.000.000,168,632
Changchun City,7.850.000,43,131
Lixouri,806.000,182,25
Ithaca,138.000.000,115,107
Syracuse,167.000.000,1.694,336
Los Angeles County,2.150.000.000,28,2.68
Đà Nẵng,122.000.000,1.025,939
Darmstadt,268.000.000,62,101
Naha,49.000.000,447,636
Bloomington,1.010.000.000,46,45
Huangshan City,3.060.000,14,103
Guangling County,57.200,1.162,1
Recife,214.000.000,438,388
Linköping,48.500.000,28,49
Kreis Coesfeld,4.810.000,10,
Kuantan,31.700.000,303,44
Santa Rosa,1.660.000.000,48,171
Chania,25.900.000,1.230,351
Mbombela,5.030.000,224,54
Rapid City,493.000.000,91,165
Vail,60.500.000,545,165
Livorno,68.900.000,158,232
Boulder,1.610.000.000,29,312
Annapolis,118.000.000,47,183
Biarritz,40.500.000,628,157
Rochester,318.000.000,32,295
Angra do Heroísmo,5.460.000,123,81
Jabalpur,89.200.000,43,41
Huntsville,148.000.000,24,158
Clemson,116.000.000,14,21
Castel San Niccolò,958.000,4,8
Galicia,895.000.000,7.985,2.541
Ruse,57.300.000,92,43
Nakhon Ratchasima Province,1.070.000,116,168
Niigata Prefecture,8.450.000,2.429,2.049
Lubbock,120.000.000,89,110
Chester,1.650.000.000,287,363
Provincia di Trento,40.400.000,,256
City of Albany,1.350.000.000,60,123
Évora,17.900.000,143,292
Fortaleza,191.000.000,757,372
Vysoké Tatry,7.520.000,1.221,35
Ajaccio,34.900.000,392,154
West Lafayette,319.000.000,3,24
San Luis Potosi,32.800.000,91,89
Almada,29.000.000,52,70
Kristiansand,28.900.000,95,112
Dayton,1.330.000.000,264,268
Mount Pleasant,113.000.000,67,148
Regina,1.790.000.000,,136
Kochi,388.000.000,340,699
Thiruvananthapuram,67.200.000,174,238
Maastricht,162.000.000,130,227
Uttar Pradesh,279.000.000,2.138,2.332
Modena,208.000.000,132,281
Larissa,96.000.000,,51
Municipal District of Bighorn,1.230.000,107,6
Beja,24.700.000,30,13
Las Palmas de Gran Canaria,63.800.000,1.083,362
Killarney,21.100.000,194,266
Sanya City,9.820.000,148,122
Cebu City,128.000.000,416,830
Stowe,31.900.000,70,94
Kaunas,48.300.000,304,200
Ginowan,844.000,38,64
Nassau,302.000.000,113,671
Huntington Beach,86.300.000,61,132
Wuxi City,8.900.000,85,151
Tacoma,123.000.000,54,190
City of Kragujevac,4.240.000,4.638,2.342
Virginia,1.050.000.000,500,408
Poultney,1.550.000,,8
Suita,20.100.000,6,111
Takamatsu,10.200.000,155,368
Suwon-si,4.590.000,22,133
Zonguldak,55.000.000,3,21
Bar,578.000.000,2.508,4.765
Laguna Hills,38.400.000,6,13
Bridgeport,76.100.000,8,35
Ouagadougou,19.100.000,49,33
Greater Noida,108.000.000,73,31
Assisi,38.900.000,375,203
Yangsan-si,656.000,2,114
Ribeirão Preto,127.000.000,98,107
Općina Konavle,170.000,,10
Riga,159.000.000,692,910
Erfurt,110.000.000,289,186
Bogota,183.000.000,1.177,1.389
Charlottesville,127.000.000,39,173
Göttingen,97.700.000,42,70
Palmerston North City,13.200.000,55,68
Kallithea,6.320.000,172,15
Łódź,106.000.000,417,194
Buffalo,2.020.000.000,36,297
Geseke,4.050.000,3,1
Dortmund,1.140.000.000,127,143
Medellín,142.000.000,725,970
Bowling Green,1.260.000.000,34,80
Lillehammer,14.400.000,193,41
Bandung,159.000.000,765,375
Chapel Hill,1.340.000.000,21,84
Liaoning,16.900.000,201,1.262
Perpignan,67.300.000,250,150
Special Region of Yogyakarta,10.400.000,873,239
Mentor Township,21.900.000,635,32
Central Province,3.450.000.000,444,1.278
Ilmenau,7.920.000,57,28
State College,2.870.000.000,25,59
Taoyuan City,11.000.000,35,337
Maribor,33.000.000,136,146
St. John's,1.260.000.000,45,173
Roorkee,37.000.000,12,8
Košice,41.900.000,196,104
L'Aquila,116.000.000,127,325
Zhongli District,1.040.000,3.485,47
Burlingame,28.100.000,12,23
Lihue,4.900.000,20,127
Puducherry,57.300.000,314,172
Nusa Dua,27.800.000,185,276
Albertville,15.900.000,25,22
Colorado Springs,1.200.000.000,264,434
Ravenna,117.000.000,155,181
City of Parramatta Council,4.060.000,174,2.342
Constance,122.000.000,,262
Indore,1.080.000.000,199,93
Delhi,989.000.000,1.453,2.986
Aomori Prefecture,5.280.000,2.428,1.609
Puerto de la Cruz,728.000.000,447,162
Tartu,78.400.000,176,8.128
Waltham,88.700.000,14,34
Guwahati,120.000.000,242,133
Espoo,46.700.000,45,82
Bucks County,93.400.000,53,401
Glendale,219.000.000,38,93
Salford,54.500.000,166,117
Nangarhar Province,1.940.000,7.151,2
Santiago de Compostela,62.300.000,392,288
Fort Lauderdale,128.000.000,593,725
Bonn,1.650.000.000,107,182
Ouarzazate,6.020.000,77,187
Zhengzhou,18.700.000,135,145
Kurashiki,6.600.000,42,245
Malatya,107.000.000,7,95
Raipur,109.000.000,78,61
Pau,1.470.000.000,124,71
Pirenópolis,3.150.000,340,74
Barranquilla,84.900.000,277,178
Panama,2.480.000.000,207,323
Pattaya City,21.000.000,878,573
Laval,450.000.000,55,122
Cartagena,297.000.000,1.365,930
Jalisco,201.000.000,1.607,1.951
Tel Aviv-Yafo,8.310.000,878,1.13
Yaroslavl,6.490.000,,375
Nancy,2.240.000.000,254,153
Silver Spring,2.180.000.000,16,47
Punjab,271.000.000,541,614
Saint-Malo,61.000.000,552,206
Curitiba,1.120.000.000,441,527
Aalborg,58.300.000,89,242
Jerusalem,1.480.000.000,455,1.137
Skamania County,1.240.000,1.162,21
Листвянское городское поселение,34.600,,849
Setúbal,20.300.000,244,168
Eilat,21.900.000,699,205
Tarragona,107.000.000,313,170
Bottrop,19.300.000,22,20
Urbino,37.700.000,94,62
Nerja,12.600.000,1.554,146
Urbana,1.920.000.000,,43
Surakarta,39.100.000,132,162
Muğla,110.000.000,116,1.792
Kiawah Island,4.920.000,132,24
Tysons,15.500.000,15,12
Sivas,79.400.000,8,94
Beaumontois en Périgord,118.000,13,9
Derby,251.000.000,198,248
Olomouc,53.000.000,120,95
Lutsk,5.210.000,121,65
Phnom Penh,34.900.000,237,850
Hobart,97.600.000,157,459
DuPage County,9.520.000,50,409
Saint Paul,2.110.000.000,68,230
Kennesaw,31.100.000,33,45
Crans-Montana,5.760.000,265,49
Tilburg,95.100.000,30,107
Kazan,110.000.000,,849
Saint-Étienne,85.300.000,191,97
Viareggio,20.600.000,305,190
Cluj-Napoca,40.400.000,629,263
Ghaziabad,115.000.000,101,67
Moncton,56.500.000,42,91
Fremantle,27.700.000,118,251
Illinois,760.000.000,1.686,7.566
Piran / Pirano,544.000,,70
Chemnitz,89.800.000,120,113
Chon Buri Province,2.960.000,43,788
Auburn,1.170.000.000,21,32
Cottbus - Chóśebuz,125.000,72,55
Siem Reap,15.800.000,357,2.246
Kedah,49.300.000,691,416
Konya,119.000.000,33,101
Brest,652.000.000,212,117
Valladolid,108.000.000,110,187
Kayseri,167.000.000,31,116
Tahoe City,105.000.000,74,71
Königswinter,5.920.000,22,21
Whistler Resort Municipality,1.270.000,,228
Kota Kinabalu,30.200.000,437,314
Namur,43.800.000,106,76
Guayaquil,78.900.000,237,237
Weybridge,7.630.000,6,32
Santa Fe,425.000.000,379,664
Voss,114.000.000,61,33
Xincheng,2.130.000,13,19
Yekaterinburg,16.300.000,,879
Khon Kaen Province,1.280.000,78,82
Kanazawa,35.700.000,395,652
Norwich,1.310.000.000,329,400
El Carmen,1.340.000.000,4,1
West Haven,2.220.000.000,6,12
Miami Beach,1.620.000.000,514,800
City of Saratoga Springs,24.100.000,,112
Hendaye,6.450.000,261,51
Cusco,62.200.000,885,2.702
Pardubice,37.900.000,37,40
Lafayette,1.200.000.000,59,94
Menlo Park,57.100.000,14,14
Tainan,25.000.000,498,505
Compiègne,44.200.000,41,36
Arcachon,19.900.000,739,91
Coimbra,79.300.000,214,235
Shiraz,58.500.000,,147
Nevşehir,55.000.000,61,127
Reims,102.000.000,392,209
Colima,73.900.000,47,34
Izmir,1.130.000.000,192,473
Christchurch,123.000.000,323,553
Brixen - Bressanone,7.590.000,134,
Guimarães,77.400.000,105,141
Lido,189.000.000,154,100
Guangdong Province,31.500.000,,613
Armenia,2.200.000.000,2.736,8.128
Kokubunji,1.660.000,5,58
Nagaoka,10.600.000,12,211
Calitzdorp,564.000,19,14
Odesa,17.900.000,1.770,594
Qinhuangdao City,3.620.000,3,78
Cha-am,2.290.000.000,124,63
Besançon,55.400.000,106,152
Budva,13.600.000,1.959,114
El Paso,2.560.000.000,109,200
Aveiro,44.000.000,268,148
Ayia Napa,8.240.000,645,218
Rzeszów,62.800.000,148,60
Macedonia and Thrace,4.150.000,440,334
Chigasaki,3.900.000,5,114
Freiburg im Breisgau,28.600.000,201,202
Rende,1.230.000.000,33,3.145
Kowloon,54.700.000,260,2.463
Alabama,2.350.000.000,,2.425
Cork,1.370.000.000,93,402
Kiel,119.000.000,127,169
High Point,3.620.000.000,12,31
Santa Monica,1.220.000.000,53,310
Albemarle County,7.620.000,,173
Broomfield,30.200.000,14,38
Rincón,145.000.000,53,10
Mashhad,18.100.000,,37
Saasveld,471.000,,
Yongin-si,1.750.000,446,90
Kolkata,295.000.000,497,595
Mexico City,1.110.000.000,1.567,1.853
Hohhot,3.460.000,22,61
Mantua,14.100.000,144,214
Sankt Goar,1.140.000,31,11
Isfahan,26.400.000,,145
Idaho,413.000.000,38,55
Hillsboro,54.800.000,22,78
Hagen,219.000.000,50,60
Kaifeng,6.060.000,36,45
New Taipei,899.000.000,265,782
Debrecen,44.400.000,168,97
Rapallo,8.210.000,427,104
Leeds,1.560.000.000,270,765
Cologne,148.000.000,480,772
Metz,580.000.000,171,150
Gainesville,264.000.000,75,147
Togo,2.160.000.000,,105
Córdoba,173.000.000,930,340
Caen,1.200.000.000,224,135
Hatfield,65.000.000,28,18
Porto Alegre,402.000.000,209,530
Addis Ababa,45.900.000,131,553
Springfield,253.000.000,35,181
Visby,19.900.000,109,77
Queenstown,52.700.000,727,449
Santander,1.690.000.000,230,206
Rostock,119.000.000,140,263
British Columbia,477.000.000,2.786,8.861
Dar es-Salaam,73.400.000,267,362
Galveston,119.000.000,362,287
Potsdam,117.000.000,131,163
Ningbo,22.000.000,58,137
Querétaro,124.000.000,196,216
Perugia,128.000.000,340,281
Osaka,1.500.000.000,2.200,3.124
Arras,64.200.000,58,87
Coquimbo Region,14.000.000,214,54
Dijon,373.000.000,404,178
Ermioni,771.000,60,7
Ischia,20.600.000,810,68
Clermont,364.000.000,176,178
Erie County,126.000.000,54,143
District of Trnava,3.730.000,,295
Town of Oyster Bay,30.600.000,,18
Vellore,61.300.000,40,31
Town of Woodbury,12.100.000,32,11
okres Vsetín,4.150.000,14,4
Maceió,40.600.000,746,261
Yonago,2.970.000,26,134
Rio Grande,870.000.000,38,4.006
Shah Alam,89.800.000,233,84
Gwynedd,14.000.000,4.052,490
Natal,333.000.000,600,309
Pretoria,114.000.000,652,281
Brunswick County,1.280.000.000,,54
Vicenza,112.000.000,150,249
Strasbourg,1.570.000.000,401,464
Ambleside,7.070.000,296,88
Schwerin,33.200.000,104,64
Thunder Bay,256.000.000,20,128
South Hams,1.230.000.000,,102
Porto de Galinhas,7.410.000,1.263,169
Al Batayih,223.000,190,2.425
Toledo,1.370.000.000,376,271
Aqaba,41.500.000,121,178
Irsee,746.000,,1
Viña del Mar,47.000.000,409,116
Bethesda,2.030.000.000,14,54
Concepción,1.100.000.000,114,59
Virginia Beach,1.530.000.000,500,408
Uberlândia,82.300.000,64,62
Knoxville,680.000.000,148,348
Southampton,1.650.000.000,242,358
Białystok,66.500.000,300,65
San Carlos de Bariloche,8.640.000,902,351
St. Gallen,126.000.000,56,86
Nijmegen,85.300.000,42,147
Utah,737.000.000,3.298,3.11
Aberdeen City,163.000.000,83,344
Vic,345.000.000,212,537
Zadar,29.300.000,2.803,293
Toyonaka,3.050.000,11,114
Charlotte Amalie,5.120.000,16,167
Puerto Vallarta,49.600.000,584,1.012
Boise,709.000.000,156,286
Hartford,137.000.000,17,82
Malacca,25.600.000,896,260
Pyeongchang-gun,1.210.000,39,103
Kawasaki,121.000.000,170,424
Vannes,50.200.000,254,97
Sogndal,4.440.000,36,23
Druskininkai,7.610.000,299,40
County Durham,442.000.000,,170
Lahaina,7.570.000,155,428
San Cristóbal,167.000.000,307,218
Luxembourg,2.500.000.000,211,240
Balearic Islands,28.600.000,13.236,3.889
Lijiang City,9.710.000,96,125
Valbonne,6.140.000,48,23
Santa Cruz County,339.000.000,32,34
Chatham,230.000.000,30,90
Stockport,47.900.000,34,185
Cuernavaca,41.800.000,172,87
Nagpur,357.000.000,136,127
Panaji,16.700.000,89,168
Jersey City,2.370.000.000,26,255
Baden-Baden,1.480.000.000,188,95
Rustenburg,16.200.000,72,19
Greenbelt,45.700.000,7,12
Milpitas,22.700.000,21,39
Międzyzdroje,8.830.000,808,21
Klagenfurt,47.300.000,140,187
Pylos,2.760.000,50,12
Big Sky,897.000.000,140,48
gmina Rytro,129.000,13,20
Incheon,41.400.000,91,348
Anhui,25.300.000,472,1.016
Ilulissat,2.380.000,8,32
Skövde,12.500.000,12,51
Ancona,113.000.000,181,143
Komae,916.000,,34
Hoboken,145.000.000,21,51
Portsmouth,751.000.000,220,182
Changde,34.400.000,7,2.541
Messina,122.000.000,229,282
White Plains,171.000.000,7,37
Oklahoma City,1.930.000.000,205,326
Yeosu-si,969.000,31,37
Verwaltungsgemeinschaft Salem,55.400,16,224
Warangal,35.600.000,11,28
Southwest,2.270.000.000,22.596,3.4
Fujian,30.600.000,231,8.128
Gargnano,2.600.000,113,21
Kamakura,18.900.000,93,344
Plymouth,1.300.000.000,294,571
Ulaanbaatar,20.600.000,81,405
Saxony,39.900.000,4.776,2.344
Takayama,34.000.000,185,338
Famagusta,14.300.000,44,38
Kingston,247.000.000,45,173
Costa da Caparica,4.560.000,167,67
Talence,7.470.000,35,8
Ortahisar Beldesi,93.800,21,14
Costa Mesa,1.030.000.000,28,80
Fukushima,107.000.000,241,236
Almeria,57.400.000,255,176
Palisades,39.900.000,4,45
Ayer Keroh,4.200.000,16,14
Stamford,104.000.000,21,63
Accra,73.200.000,415,318
Tunis,120.000.000,145,844
Napoli,1.300.000.000,3.752,1.859
Sanremo,51.300.000,641,113
Petrozavodsk,3.610.000,,162
Sharjah,78.300.000,94,235
Noosa Shire,589.000,657,1
Davos,77.400.000,232,56
Goyang-si,7.870.000,7,176
Hualien County,2.300.000,1.064,125
Kandy,35.100.000,485,674
Sparks,195.000.000,7,35
Cookeville,11.500.000,27,40
Caapiranga,192.000,,1
Çeşme,30.800.000,246,109
Columbia,2.750.000.000,112,207
Lutherstadt Wittenberg,4.210.000,54,33
Port Said,1.890.000.000,34,17
Tullahoma,4.880.000,5,18
Volgograd,18.800.000,,378
Mangaratiba,3.330.000,138,41
Neuchâtel,25.900.000,27,65
Windsor,1.290.000.000,129,67
Ciechocinek,4.420.000,71,14
George Town,629.000.000,444,334
Claremont,82.500.000,29,32
Anaheim,108.000.000,224,263
Blumenau,43.200.000,82,116
منارة الحمامات,1.790.000,120,
Municipality of Platanias,790.000,785,533
Plzeň,57.300.000,99,120
South Bend,1.310.000.000,50,85
Schaumburg,45.600.000,31,51
Covilhã,12.000.000,45,33
Novi Sad,61.500.000,849,150
Seogwipo-si,900.000,36,176
Tétouan,9.590.000,123,33
Apizaco,4.300.000,8,4
Alagoas,119.000.000,1.939,560
Valdivia,53.100.000,102,88
Siena,248.000.000,456,361
Nizhny Novgorod,7.690.000,,715
okres Trutnov,3.070.000,28,20
Bertinoro,2.600.000,13,19
Bezirk Urfahr-Umgebung,795.000,103,1
San José,1.960.000.000,200,490
Roanoke,125.000.000,40,127
Noordwijk,11.800.000,61,41
Conway,1.060.000.000,26,30
Missouri City,2.860.000.000,264,4.206
Monticello,43.300.000,6,7
Greenville,1.360.000.000,92,237
Sliema,15.000.000,237,107
Acapulco,122.000.000,469,200
Montreux,30.600.000,74,63
Rovaniemi,18.600.000,269,182
Ouro Preto,71.000.000,137,169
Boppard,4.440.000,69,23
Garching bei München,8.640.000,13,7
Kathmandu,92.300.000,453,2.442
Mountain View,3.050.000.000,28,43
Athlone,18.700.000,21,75
Rimini,109.000.000,1.020,374
Santos,2.760.000.000,248,143
Kanpur,122.000.000,80,39
Chalkida,3.150.000,93,
Maebashi,4.660.000,14,185
Wörthsee,1.350.000,5,
Puebla,1.050.000.000,196,238
Town of Rye,39.800.000,32,140
Cardona,198.000.000,16,11
Koblenz,94.600.000,174,147
Algiers,32.000.000,28,83
Aizuwakamatsu,1.650.000,23,199
Starnberg,18.500.000,67,45
Herndon,37.700.000,20,23
Eastsound,1.140.000,29,39
Chiang Rai Province,3.300.000,183,289
Nha Trang,126.000.000,644,532
Craiova,29.700.000,127,49
Duisburg,113.000.000,115,204
Riccione,12.100.000,393,162
Aksaray,53.900.000,82,20
Cherbourg-en-Cotentin,9.890.000,74,67
Sinaia,7.060.000,360,36
Phường Chính Gián,138.000.000,,106
Santa Cruz de Tenerife,63.300.000,439,301
Ifrane,3.700.000,44,5
Verbano-Cusio-Ossola,16.100.000,3.830,425
Vouliagmeni Municipal Unit,10.900,375,42
Fontainebleau,32.800.000,78,800
Zaros,2.080.000,12,7
Leiden,239.000.000,34,162
Daskroi Taluka,120.000,331,1
Volos,16.700.000,276,104
Islands District,3.690.000.000,31,2.463
Stuttgart,1.720.000.000,265,430
Bled,93.600.000,639,144
Liège,86.800.000,156,237
Kyiv,150.000.000,1.959,1.748
Memphrémagog,1.230.000,,3
Sens,384.000.000,42,2.327
Dolores Hidalgo,9.910.000,12,19
Northern,2.930.000.000,404,4.235
Zeist,15.700.000,10,20
Lviv,40.400.000,1.609,351
Kailua-Kona,7.820.000,387,529
Malang,119.000.000,237,384
Rogers,388.000.000,46,58
Agadir,28.500.000,488,486
São Luís,1.480.000.000,110,153
Vilanova i la Geltrú,6.520.000,53,65
Prato,549.000.000,61,140
Sabah,182.000.000,834,577
Campinas,291.000.000,103,201
Huangshi,1.900.000,4,13
Tripoli,42.400.000,,28
Mérida,105.000.000,389,475
Toulon,127.000.000,379,214
Lund,1.270.000.000,32,62
Iwaki,9.060.000,50,210
Çankaya,59.400.000,6,13
Destin,111.000.000,2.483,432
Bautzen - Budyšin,215.000,54,47
Sibiu,31.800.000,778,166
Orléans,121.000.000,165,2.387
Tottori Prefecture,4.370.000,2.429,864
Napa County,83.600.000,118,2.327
Ontario,2.420.000.000,2.507,12.638
Calbuco,3.220.000,,2
Bozeman,67.900.000,62,154
Gatineau,68.300.000,70,105
Louisville,1.370.000.000,225,463
Mansoura,7.780.000,5,1
Hengchun,994.000,636,62
New Jersey,2.690.000.000,1.518,4.377
Santo Domingo,201.000.000,444,413
Haldia,12.700.000,4,6
Irkutsk,22.800.000,,478
Xiangtan,1.850.000,6,32
Manila,270.000.000,1.937,330
Bintan,9.220.000,58,106
Yilan City,4.270.000,67,413
Minato,60.400.000,6,1.312
Calimanesti,1.460.000,105,6
Fukui Prefecture,4.420.000,,1.087
Rovereto,12.100.000,54,80
Balatonfüred,7.060.000,311,24
Trani,31.700.000,212,81
Odisha,1.340.000.000,,511
Putrajaya,37.700.000,81,61
Blois,33.500.000,157,117
Santa Clara,234.000.000,29,57
Ecatepec,90.100.000,,7
Torino,1.290.000.000,1.440,1.01
Punta Arenas,30.300.000,91,177
Indian Wells,258.000.000,22,13
Villa San Giovanni,46.900.000,32,5.978
Cumbria,42.100.000,4.358,1.311
Ishikawa,124.000.000,486,1.547
Adeje,11.800.000,1.372,331
Mormugao,864.000,468,5
Kassandra Municipality,835.000,1.999,56
Baton Rouge,604.000.000,83,155
Lake Maggiore,11.200.000,707,299
Guelph,103.000.000,12,110
Tezpur,17.500.000,15,18
North District,4.530.000.000,327,35
Murakami,66.000.000,,107
Paraná,994.000.000,112,1.936
Zakynthos Regional Unit,132.000,159,579
Groningen,330.000.000,78,168
Saskatoon,120.000.000,51,216
Alès,12.900.000,43,93
Mansfield,624.000.000,30,48
Nebraska,2.040.000.000,407,1.23
England,2.310.000.000,71.934,64.275
Breckenridge,30.100.000,1.063,224
Sardinia,117.000.000,17.783,4.439
Trois-Rivières,36.800.000,25,76
Lucerne,51.500.000,148,244
Beirut,252.000.000,105,329
João Pessoa,304.000.000,762,198
Gemeinde Fallbach,41.600,112,15
Chersonisos Municipal Unit,26.200,375,42
okres Žďár nad Sázavou,2.610.000,11,16
Llandudno,11.500.000,311,162
Bloomingdale,22.900.000,2,17
Skopje,46.000.000,520,236
Bar Harbor,1.230.000.000,85,161
Ürümqi,1.040.000,33,107
San Diego County,1.560.000.000,455,1.704
Maryland,2.630.000.000,2.511,3.555
Beverly Hills,1.110.000.000,41,170
Cergy,29.300.000,33,54
Colchester,106.000.000,85,174
Tulsa,1.150.000.000,126,263
Chattanooga,163.000.000,124,320
Bahía Blanca,21.500.000,123,50
Ankara,297.000.000,177,557
Bad Aussee,2.000.000,89,13
Calabria,128.000.000,5.257,3.637
Albufeira,20.800.000,2.448,421
Tetovo,3.880.000,13,13
Yichang,3.160.000,12,54
Pontypridd,7.210.000,6,26
Tegernsee,10.900.000,205,12
Sunderland,96.900.000,82,128
Saarland,110.000.000,623,336
Aosta Valley,7.180.000,,109
Villeurbanne,33.600.000,102,56
Phetchaburi Province,3.630.000,46,127
Leyden Township,884.000,636,162
Leicester,181.000.000,199,326
Onondaga County,6.770.000,1.162,2
Torremolinos,19.400.000,1.319,162
Lagos,1.460.000.000,1.124,283
City of Sarajevo,26.600.000,,410
Bahir Dar Special Zone,520.000,10,46
Municipality of Mykonos,350.000,,533
Singapore,3.380.000.000,446,3.145
Imbana,164.000,,68
Madurai,106.000.000,76,106
Lahore,137.000.000,227,246
Tempe,318.000.000,150,161
Estes Park,35.900.000,324,185
Kamloops,40.000.000,48,133
Oisterwijk,4.920.000,31,
Luton,129.000.000,414,101
Deauville,24.300.000,346,50
Minsk,80.200.000,,629
Arles,38.600.000,407,
Newfoundland and Labrador,94.600.000,207,1.053
Scarborough,249.000.000,539,190
Nimes,51.900.000,311,135
Hyères,14.500.000,476,161
Siegen,63.400.000,35,78
Guanajuato,176.000.000,219,153
Västerås,31.600.000,28,89
Ames,173.000.000,1.058,39
Christ Church,1.450.000.000,108,109
Huangzhou District,203.000,3.486,492
Kenitra,7.000.000,113,13
Hachioji,7.350.000,35,196
Durban,114.000.000,783,329
Vijayawada,118.000.000,71,37
Sundsvall,20.600.000,19,40
Catalonia,60.800.000,,10.463
Coeur d'Alene,15.600.000,78,129
Changle,2.320.000,,9
Avignon,137.000.000,665,231
Mysuru,32.300.000,,200
Saint Augustine,47.500.000,931,598
Ullapool,2.520.000,27,49
Tirana,45.500.000,1.563,440
Bruges,127.000.000,430,422
Weihai,3.990.000,25,56
Tuxtla Gutiérrez,18.100.000,75,72
Beverly,236.000.000,41,170
Piscataway Township,17.600.000,636,10
Bydgoszcz,97.500.000,158,154
Alicante,961.000.000,1.358,459
Sarajevo,110.000.000,1.557,410
Rhode Island,1.530.000.000,252,1.392
Palladam,6.180.000,,
Kielce,60.300.000,234,60
Regional Unit of South Athens,7.090.000,67,54
Cary,1.460.000.000,,89
Tours,687.000.000,295,
Mendoza,176.000.000,658,620
Iskandar Puteri,4.960.000,,4
Ishigaki,7.510.000,251,444
Ypsilanti,12.100.000,3,22
Mureș,44.900.000,171,14
Robeson County,7.040.000,1.162,14
Suffolk County,116.000.000,,6
Matsushima,16.700.000,12,63
Cape May,2.380.000.000,50,138
Jakarta Special Capital Region,16.300.000,872,1.02
Chunchura,90.300,,17
Ebermannstadt,1.540.000,11,4
Lee County,1.690.000.000,6,420
Myrtle Beach,94.500.000,2.449,460
Ringsted Municipality,1.050.000,154,63
Leganés,16.900.000,6,31
Hilversum,27.100.000,17,70
Cosenza,43.500.000,81,82
Canmore,282.000.000,171,155
Fauquier County,3.640.000,1.162,31
Tamil Nadu,1.500.000.000,2.858,2.686
Yerevan,40.100.000,1.627,796
Jelenia Góra,15.400.000,292,26
Matsuyama,22.400.000,105,5.622
Bélapátfalvai járás,38.500,3,2
Krems an der Donau,6.340.000,45,79
gmina Bodzechów,82.900,247,20
Forsyth County,42.300.000,1.162,174
Hilton Head Island,66.400.000,1.180,409
Póvoa de Varzim,5.580.000,110,40
Mannheim,147.000.000,110,136
Fayetteville,217.000.000,66,121
Lemgo,7.660.000,11,25
Woburn,24.800.000,13,16
Segovia,69.800.000,72,156
Nagasaki Prefecture,8.710.000,93,1.752
Rioja,253.000.000,766,914
Fairfax County,116.000.000,,274
Acre,276.000.000,71,40
Mettlach,2.720.000,22,12
Desenzano del Garda,6.570.000,462,84
Lucca,120.000.000,643,280
Brasov,36.900.000,1.281,330
Waterloo,163.000.000,30,90
Breitbrunn am Chiemsee (VGem),31.100,16,2
Tromsø,33.900.000,75,242
Faro,136.000.000,364,270
Kalamata,24.400.000,582,84
Wales,2.540.000.000,10.258,5.248
Mankato,19.900.000,14,41
Prayagraj,37.200.000,,61
Cozumel,22.300.000,191,757
Richmond,430.000.000,92,348
Sonthofen,4.940.000,77,23
Fribourg,55.300.000,16,75
Terschelling,5.350.000,49,41
Varanasi,169.000.000,316,486
Townsville,61.700.000,103,163
Karlstad,34.500.000,31,52
Pohang-si,1.320.000,446,2.541
Pachuca,49.400.000,41,32
Luxor,43.600.000,261,2.387
Redmond,92.300.000,15,51
Essex,1.540.000.000,762,1.375
São Carlos,1.210.000.000,29,46
Cesena,36.100.000,242,124
Campeche,73.000.000,81,71
Kihei,5.560.000,308,249
Kaskelen,428.000,,5
Wolfville,2.210.000,8,32
Rutland County,20.400.000,1.162,43
Macon,120.000.000,65,75
Pilani,23.800.000,,6
Steamboat Springs,11.200.000,376,172
Hukou,2.000.000,63,7
Mill Valley,475.000.000,9,43
Alhama de Murcia,5.780.000,73,26
Hue City,522.000.000,8,453
Genk,27.800.000,18,35
Blaubeuren,2.470.000,7,7
Bunkyo,9.270.000,39,406
Oregon,2.810.000.000,4.588,927
Skokie,17.400.000,4,38
Roses,1.770.000.000,1.297,5.978
Champaign,280.000.000,33,87
Clermont-Ferrand,91.800.000,176,178
Clay County,188.000.000,1.076,15
Rydzyna,2.620.000,2,
Alghero,15.200.000,1.303,227
Morelia,58.500.000,141,99
Borgholms kommun,983.000,,19
Tbilisi,83.000.000,2.867,1.509
Martinique,1.560.000.000,1.560,636
Richmond Hill,1.310.000.000,8,85
Vitória,1.320.000.000,72,155
Danvers,43.500.000,7,914
Sinajana Municipality,190.000,154,
Ha Long,2.840.000.000,613,295
Tübingen,112.000.000,78,65
Patna,1.200.000.000,142,70
Caesarea,9.100.000,54,20
Ávila,124.000.000,152,84
Ponte de Lima,26.900.000,148,64
Tuscany,120.000.000,24.530,10.851
Koper / Capodistria,1.590.000,,106
Honolulu County,80.200.000,767,28
Jinhua,12.900.000,5,58
Riverside,1.630.000.000,23,118
Abbottabad,13.000.000,19,5
Bodrum,119.000.000,806,272
Aguascalientes,104.000.000,100,73
Kengzi Sub-district,13.300,318,1.265
Brookings,128.000.000,21,53
Town of Mount Pleasant,114.000.000,,11
Quito,1.150.000.000,469,811
Bath,686.000.000,430,499
Emden,19.800.000,94,30
Nilandhe Atholhu Dhekunuburi,3.510,17,
Warwick,1.130.000.000,55,44
South Carolina,798.000.000,5.996,4.836
Maynooth,9.040.000,7,13
Calvià,4.310.000,21,276
Surabaya,394.000.000,313,321
Jiuzhaigou County,588.000,1.162,52
West Goshen Township,3.860.000,,11
Morioka,10.700.000,38,258
Leshan,3.090.000,12,52
Circolo dell'Isole,4.580.000,,286
České Budějovice,40.700.000,94,138
East District,4.470.000.000,49,25
Windhoek,30.600.000,122,216
Kerala,2.190.000.000,2.869,2.57
Phlai Chumphon,25.900,53,
Cordoba,150.000.000,930,340
Darjeeling,43.400.000,285,151
Senhora da Hora,60.500.000,6,2
Nantucket,25.200.000,42,155
Grand Forks,39.300.000,37,51
Fallujah,2.940.000,3,2
County Kerry,55.300.000,133,967
Kalamazoo,62.300.000,30,81
Dana Point,1.280.000.000,26,89
Ferrara,220.000.000,215,236
Zhejiang,63.200.000,627,2.452
Hasselt,32.000.000,56,75
Kahului,8.460.000,7,98
Pathum Thani Province,863.000,28,73
Petaluma,24.500.000,10,86
Subang Jaya,31.800.000,69,35
Eger,103.000.000,430,8.394
Waidhofen an der Ybbs,3.520.000,19,9
Mons,391.000.000,43,93
Tung Chung,326.000.000,,2.463
Mytilene,3.200.000,56,42
Malacca City,13.200.000,895,260
DeKalb County,34.200.000,1.162,24
Panguipulli,2.820.000,34,26
Kolding,16.900.000,18,110
Hamamatsu,22.300.000,99,476
Wyoming,261.000.000,504,1.486
Ioannina,8.720.000,231,92
Gubbio,7.140.000,113,99
Sharm el-Sheikh,15.100.000,411,616
Sudbury,109.000.000,26,111
Langwedel,1.680.000,6,3
Shizhong,846.000,14,13
Henan,29.400.000,,9
Gramado,32.100.000,1.341,325
Karpacz,7.700.000,752,39
Klosters,11.600.000,50,21
Lowell,129.000.000,,42
Grapevine,59.100.000,18,109
Rockport,29.800.000,21,77
Marietta,117.000.000,47,134
São Leopoldo,199.000.000,14,17
Agios Nikolaos Municipal Unit,431.000,235,5
Yangon,39.600.000,66,792
Nevada,395.000.000,913,3.863
Beidaihe,1.460.000,,78
Blackrock,121.000.000,,7
Nova Scotia,1.310.000.000,380,2.014
Krasnoyarsk Krai,2.810.000,,772
Diyarbakir,28.700.000,18,58
Hana,221.000.000,30,56
Fischbachau,721.000,29,2
Asheville,122.000.000,196,614
دهستان کیش,683.000,4,3.504
Kaufbeuren,9.220.000,23,28
Lorient,61.900.000,175,56
Erode,178.000.000,10,19
Stellenbosch,33.300.000,253,301
Santa Catarina,116.000.000,7.228,2.39
El Oued,11.900.000,,
Tomar,1.290.000.000,74,63
Elx / Elche,5.700.000,,100
Benevento,42.600.000,63,86
Taipa,6.550.000,6,724
Chiayi,8.800.000,78,99
Newport,1.280.000.000,109,258
Bibione,6.340.000,1.098,45
Jena,132.000.000,57,62
Gifu Prefecture,7.010.000,2.429,1.906
Ibaraki Prefecture,7.140.000,,1.563
Monterrey,1.130.000.000,255,265
Gliwice,44.300.000,95,59
Gijón / Xixón,1.140.000,,269
Hof,1.050.000.000,35,2.324
Dedham,12.600.000,4,22
Bethlehem,87.800.000,20,81
Center District,6.660.000.000,57,63
Blacksburg,23.000.000,13,35
Davao City,50.800.000,256,126
Gurugram,131.000.000,,307
Markham,133.000.000,24,105
Larache,5.080.000,17,6
Warrenton,10.900.000,7,31
Port Jefferson,86.700.000,,25
Miami-Dade County,38.900.000,461,1.562
Niagara-on-the-Lake,104.000.000,74,231
Westminster,1.320.000.000,2.806,8.394
Irbid,4.810.000,11,8
Ostritz,527.000,,1
West Palm Beach,1.370.000.000,182,243
Al Ain,366.000.000,36,86
Sicily,1.760.000.000,29.255,9.152
Mississippi,2.010.000.000,714,1.368
Selangor,83.300.000,2.087,678
Sochi,41.500.000,,938
Stadt Kufstein,3.870.000,,31
Nakhon Pathom Province,1.390.000,26,63
Duluth,80.500.000,35,166
Verbania,12.200.000,197,68
Key West,1.160.000.000,353,860
City of Edinburgh,1.630.000.000,,1.681
Balatonfüredi járás,147.000,3,24
Kranj,10.600.000,362,44
Helsingborg,34.200.000,30,136
Quetta,28.100.000,3,8
Falmouth,33.600.000,214,168
Howrah,56.600.000,519,22
Brescia,126.000.000,119,308
Northampton,108.000.000,107,177
Mulhouse,50.700.000,157,63
Pennsylvania,801.000.000,2.866,7.98
Aracaju,48.100.000,175,117
Little Rock,916.000.000,71,169
Paisley,114.000.000,56,82
Rohnert Park,7.830.000,10,26
Manaus,108.000.000,147,359
Barnstable County,7.480.000,1.162,31
Kennebunkport,3.930.000,33,77
Vintl - Vandoies,71.800,8,12
Orsay,76.100.000,9,7
Qufu City,3.610.000,7,46
Dornburg,1.770.000,,2
Ogunquit,3.630.000,44,63
Sabadell,44.000.000,15,79
Καστοριά,6.860.000,,25
Antis Township,518.000,636,122
George,1.490.000.000,444,334
Gallipoli,19.500.000,1.154,183
Delaware,401.000.000,992,831
Benidorm,48.700.000,1.755,345
Serrara Fontana,582.000,2.935,22
Esbjerg,17.000.000,42,159
Dunhuang,5.240.000,18,61
Beer-Sheba,11.100.000,46,3
Niš,18.300.000,308,65
South Lake Tahoe,36.200.000,443,197
Karlskrona,14.500.000,30,37
Merida,161.000.000,389,475
Kentucky,2.230.000.000,1.060,2.576
Gemeinde Klosterneuburg,1.100.000,15,15
Somerset Township,12.600.000,,15
Woolwich,16.000.000,21,1
Bad Kreuznach,9.670.000,39,35
East London,968.000.000,237,48
Rosebank,13.100.000,65,9
Guadeloupe,1.540.000.000,2.747,698
Irving,159.000.000,89,65
Johnstown,38.000.000,4,33
Fribourg - Freiburg,6.160.000,,75
Kelowna,95.100.000,153,393
Yeonsu-gu,1.710.000,16,248
Warren County,1.740.000.000,58,100
Liberec,37.600.000,73,77
Daytona Beach,110.000.000,263,268
Castile-La Mancha,60.300.000,2.410,1.726
New Haven,1.270.000.000,23,98
Oviedo / Uviéu,294.000,303,202
La Rochelle,108.000.000,589,226
Songkhla Province,1.670.000,26,120
Chantilly,113.000.000,21,21
Hualien City,5.280.000,552,395
Leitchfield,1.260.000,,4
Wharton Township,6.040.000,636,53
Morristown,42.000.000,5,63
Concord,1.240.000.000,,616
Geumcheon-gu,1.510.000,2,2.541
Bavaria,120.000.000,16.367,9.075
Teignbridge,1.220.000,3.153,
Itatiaia,9.870.000,44,80
Lecce,116.000.000,918,312
Indiana,911.000.000,252,457
Siedlce,19.300.000,29,8
Sonoma County,59.000.000,44,1.109
Frascati,32.900.000,38,40
Ajman Emirate,16.800.000,77,62
East Lansing,117.000.000,8,43
Dundee,250.000.000,123,239
Bangi Lama,5.070.000,,19
Puerto Varas,9.110.000,191,131
Faridabad,125.000.000,62,47
Yaounde,10.100.000,181,41
Zhaoqing City,2.900.000,8,56
Znojmo,13.700.000,116,109
East Stroudsburg,11.500.000,64,35
La Baule-Escoublac,3.990.000,273,58
Lamia,23.900.000,8,11
Vaikom,4.980.000,3,7
Ensenada,44.000.000,131,185
Gangneung-si,796.000,,2.541
Cherbourg,30.800.000,74,48
Herrsching am Ammersee,1.650.000,7,8
Manhattan,2.390.000.000,572,5.622
Carson,182.000.000,9,69
Flagstaff,69.700.000,203,195
Gjøvik,10.000.000,4,31
Chișinau,36.600.000,476,265
Ibiza,1.040.000.000,1.156,879
Agía Marína,5.460.000,136,34
Gießen,92.500.000,30,76
Municipality of Kalamata,620.000,785,533
Bezirk Oberpullendorf,1.220.000,,1
Lexington,1.480.000.000,,272
Foz do Iguaçu,31.400.000,279,267
East Whiteland Township,1.010.000,,182
Demänovská Dolina,1.910.000,141,8
Landkreis St. Wendel,1.350.000,30,10
Antigonish,3.530.000,10,38
San Andrés Cholula,7.210.000,,16
Rio Arriba County,2.850.000,,3
Murcia,132.000.000,2.762,305
Moncarapacho e Fuseta,173.000,,128
Paiania,407.000,6,7
Villa Alemana,11.000.000,2,9
Polis Chrysochous,3.450.000,208,62
Roquetas de Mar,7.310.000,249,76
Papeete,7.820.000,69,91
Blaine County,17.200.000,1.162,10
Harrisburg,116.000.000,84,97
Oxnard,39.200.000,28,59
Alba Iulia,13.200.000,146,39
Ormont-Dessus,208.000,5,1.347
Tyler,396.000.000,38,68
Mandelieu-la-Napoule,5.510.000,245,55
Wanzhou,1.690.000,3,55
Jilin,19.100.000,5,399
Franschhoek,4.810.000,176,110
el Prat de Llobregat,7.590.000,11,20
Rockford,87.100.000,29,81
Saitama,99.100.000,253,306
Aranjuez,12.900.000,21,59
Aix-en-Provence,101.000.000,353,390
(Old) Ottawa,299.000.000,,25
Weimar,116.000.000,122,131
Vitoria-Gasteiz,17.900.000,72,146
Mueang,17.300.000,2.040,1.627
Lecco,48.800.000,124,96
Polanica-Zdrój,4.560.000,296,17
Ystad,10.500.000,65,52
Nassau County,62.400.000,72,8
Kuwait City,2.070.000.000,131,426
Sé,1.790.000.000,2.465,461
Denpasar,105.000.000,132,2.129
Alessandria,54.700.000,43,120
Campo Grande,1.420.000.000,61,126
Hirosaki,5.780.000,25,232
Gandhinagar,90.100.000,20,18
Las Piñas,160.000.000,,23
Blantyre,15.700.000,21,21
Saratov,16.200.000,,273
Louvain-la-Neuve,12.100.000,9,15
Borough of Newcastle-under-Lyme,1.160.000,12,48
gmina Lwówek Śląski,422.000,8,7
Jönköping,36.800.000,29,47
Dongying City,4.410.000,4.842,35
Shaker Heights,9.860.000,,11
Colorado,2.980.000.000,265,434
Denton County,34.600.000,1.162,80
Baohe District,383.000,30,106
Yountville,3.560.000,10,48
Piteå,8.440.000,18,19
Brittany,1.110.000.000,10.782,4.163
Ezhou,5.170.000,,10
San Luis Obispo County,20.500.000,39,929
Saint Julian's,3.120.000,185,125
Lipari,8.840.000,347,113
Landkreis Deggendorf,3.760.000,15,
Suncheon-si,357.000,19,30
Tønsberg,9.790.000,14,50
Ewing Township,5.370.000,4,2
Terrassa,29.400.000,25,49
Landerneau,5.200.000,28,9
Karnataka,1.410.000.000,2.581,2.616
Almaty,37.500.000,814,529
Friedrichshafen,22.300.000,370,42
Tuusula,5.560.000,4,17
Cape Cod,97.800.000,701,1.104
Pinellas County,21.100.000,2.095,69
Huddersfield,70.200.000,80,135
Punta Del Este,1.130.000.000,554,99
Mieres,6.390.000,8,13
Eastern Cape,1.230.000.000,1.794,637
North Dakota,1.540.000.000,259,648
Andros Regional Unit,353.000,159,116
Trollhättan,11.900.000,12,24
Placer County,12.200.000,1.162,156
Pontevedra,51.000.000,320,125
Lincoln County,1.690.000.000,130,59
Chur,144.000.000,22,64
Jeonju,33.100.000,71,118
Dauphin County,15.500.000,1.162,29
Charlottetown,14.300.000,44,153
Sopot,26.900.000,1.597,110
Xalapa,34.500.000,62,46
Protaras,6.300.000,1.113,98
Penukonda,1.100.000,,1
Garmisch-Partenkirchen,18.300.000,443,89
Coos County,4.790.000,1.162,6
Lower Hutt,12.700.000,17,46
Laurel,1.230.000.000,25,16
Zagori Municipality,3.080.000,154,12
Luleå,32.500.000,23,44
Noboribetsu,2.050.000,16,63
Gmunden,7.380.000,64,64
Baie-Mahault,2.950.000,61,30
Fredrikstad,12.700.000,9,63
Area B (Cawston/Lower Similkameen),130.000,70,11
Choroní,597.000,,8
Talca,24.000.000,38,40
Midland,516.000.000,80,54
Avranches,8.340.000,18,18
Preston,1.440.000.000,102,187
Jongno-gu,4.730.000,98,2.541
Amazonas,402.000.000,179,29
Tarascon,8.720.000,42,14
Olympia,1.170.000.000,33,99
Taganrog,3.080.000,,148
Herzliya,7.600.000,49,55
Sarasota,111.000.000,313,603
Jamestown,113.000.000,7,32
County Westmeath,11.600.000,1.162,150
Makati,58.500.000,254,189
Ahmedabad,1.390.000.000,279,316
Santa Maria da Feira,80.200.000,20,26
Merced County,121.000.000,,42
Portishead,6.520.000,8,12
Trapani,52.000.000,666,287
Old Town,2.890.000.000,,1.704
Penistone,2.810.000,9,7
Milton Keynes,115.000.000,229,209
Apulia,14.200.000,23.083,8.128
South Oxfordshire,2.920.000.000,,130
Arizona,859.000.000,4.438,6.023
Chamonix-Mont-Blanc,11.700.000,1.229,590
Port Saint Lucie,19.900.000,32,72
Sainte-Luce,74.400.000,108,23
Incline Village-Crystal Bay,1.530.000,80,59
Lapland,21.200.000,1.749,583
Sigüenza,4.590.000,44,29
San Bernardino County,60.500.000,661,59
Berkeley Springs,1.140.000.000,37,34
Maó,3.240.000.000,147,176
Villa María,267.000.000,84,7
Mechelen,31.600.000,46,124
Caraguatatuba,11.800.000,378,46
Bassa Reggiana,283.000,,144
Bezirk Hallein,730.000,16,1
Saariselkä,2.870.000,114,35
Nafplio,3.410.000,350,111
Veszprém,16.500.000,79,31
Elk,210.000.000,137,320
South Tangerang,14.600.000,6.202,23
Santa Maria,464.000.000,160,154
Douglas County,971.000.000,131,51
Lyngby-Taarbæk Municipality,48.100,869,27
Bad Honnef,5.090.000,11,7
Alaska,434.000.000,603,2.828
Marstrand,3.280.000,8,13
La Jacques-Cartier,16.000.000,,18
Carmona,61.500.000,39,26
La Maddalena,21.700.000,352,128
Lac-Beauport,2.200.000,5,11
Hardin County,27.000.000,42,44
Caledon,13.700.000,55,15
Arica,38.000.000,75,88
Cantón Carrillo,5.220.000,,72
Sunnyvale,96.000.000,38,51
Greenport,4.680.000,12,45
Bathurst,34.100.000,34,43
Gotenba,2.610.000,,191
Sullivan County,133.000.000,97,1
Kissimmee,53.800.000,2.854,231
Dehradun,118.000.000,272,132
Chiemsee,10.200.000,493,9.075
Lagos State,231.000.000,473,238
Ostuni,10.400.000,1.201,120
Winterthur,41.100.000,25,79
Pernambuco,116.000.000,2.912,1.214
Taranto,62.000.000,284,223
Quang Binh province,6.070.000,,121
Båstad,8.770.000,44,30
Antofagasta,35.900.000,137,61
La Ferté-Bernard,3.730.000,3,4
Scottish Highlands,29.800.000,,1.391
Kaprun,6.060.000,308,29
Saue vald,3.210.000,799,2
Saint Paul's Bay,5.700.000,189,101
Framingham,45.900.000,10,29
Palm Beach County,1.020.000.000,182,243
West Point,3.080.000.000,,13
Palmerston North,33.700.000,50,68
Rouen,113.000.000,358,198
Los Alamitos,10.400.000,3,8
Cetraro,2.220.000,26,8
City of Poughkeepsie,15.700.000,4.841,2.342
Belfort,79.200.000,69,30
Kendal,60.700.000,155,88
Kutaisi,5.050.000,389,123
Mexicali,309.000.000,29,31
Oaxaca,123.000.000,366,473
Corpus Christi,110.000.000,483,214
South San Francisco,2.350.000.000,33,41
Phu Quoc City,31.700.000,437,327
Gemeinde Spital am Semmering,49.300,7,2
Amantea,3.100.000,33,27
Gembloux,7.040.000,10,7
Sarawak,90.700.000,502,341
Minnesota,701.000.000,992,4.079
Mohammedia,7.840.000,218,10
Tianguistengo,924.000,,
Troyes,64.100.000,205,79
Rockland,48.500.000,9,67
Diepenbeek,4.480.000,4,6
Guatemala City,1.590.000.000,157,251
Pensacola,92.100.000,132,100
Murfreesboro,33.700.000,41,100
Renton,48.100.000,18,40
Town of Ellicottville,417.000,32,11
Lorne,23.100.000,216,42
Akita Prefecture,7.830.000,1.388,1.137
Tarquinia,4.760.000,67,57
Campbell County,188.000.000,21,20
Provincia Guanacaste,4.550.000,17,7.102
Johor,127.000.000,721,210
Osijek,19.100.000,167,51
Dearborn,58.600.000,17,38
Lake Como,1.350.000.000,3.699,866
Canton Luxembourg,13.500.000,,72
Hamilton City,1.760.000.000,20,42
Kongsberg,12.400.000,9,8
Stade,160.000.000,741,7.276
New Providence,1.270.000.000,40,795
Minna,62.400.000,16,2.972
Canóvanas,3.140.000,2,18
Vico Equense,4.320.000,212,62
Hampton,1.310.000.000,218,412
Cantón San Carlos,49.600.000,,29
Louisiana,603.000.000,503,3.136
Gujarat,1.400.000.000,1.016,1.421
Veracruz,123.000.000,140,88
Waco,108.000.000,72,157
District of Tuggeranong,272.000,,295
Kirkkonummi,5.450.000,6,15
gmina Kuślin,72.500,247,20
Norman,2.020.000.000,9.360,3.874
Laguna Beach,187.000.000,48,147
Iquique,24.600.000,125,94
Jiang'an District,16.300.000,27,559
Comunità territoriale della Val di Fiemme,39.500,,
Burnaby,67.900.000,37,98
Vila Velha,54.000.000,200,68
Montauban,33.500.000,87,70
South Cyprus,2.310.000.000,,245
Telč,9.360.000,39,1.13
Constantine,81.000.000,99,24
Landkreis Starnberg,6.500.000,67,
Keelung,6.810.000,20,89
Velen,19.800.000,2.801,2
Kampala,57.200.000,463,1.027
Gemeinde Laxenburg,252.000,88,15
Budmerice,400.000,,3
Gatlinburg,18.300.000,873,320
Rye,141.000.000,109,95
Lindau (Bodensee),6.090.000,179,49
Playa del Carmen,85.800.000,1.714,1.223
Günzburg,8.340.000,42,30
Abbotsford,38.500.000,12,101
Dundalk,27.400.000,16,90
Angleur,2.110.000,,
Kenmare,4.570.000,109,76
Teresina,45.700.000,66,62
Winchester,646.000.000,66,133
Seika,9.460.000,,198
Dnipro,13.900.000,308,241
Awaji,6.430.000,111,269
Atherton,39.800.000,8,35
Fargo,1.260.000.000,49,97
Plovdiv,18.200.000,366,216
Spa,2.690.000.000,156.585,58.048
Wuppertal,73.600.000,96,133
Eisenberg,54.100.000,6,2
Forest of Dean District,15.000.000,371,11
Sandton,26.700.000,233,140
Hattiesburg,25.100.000,27,64
Marin County,57.400.000,47,429
Summit County,2.050.000.000,,57
Santa Cruz de la Sierra,111.000.000,204,1
Maricopa County,24.900.000,,648
Salina Cruz,9.780.000,18,4
Alberobello,6.080.000,405,68
Municipal Unit of Delphi,2.210.000,29,2.154
Darlington,98.900.000,116,82
Chambéry,29.400.000,70,81
Chios Regional Unit,221.000,159,2.68
Bitola,8.040.000,86,25
North Charleston,1.020.000.000,86,812
Adelphi,17.000.000,,1.333
Região Geográfica Imediata de Tarauacá,8.070,,3.052
Kuopio,25.900.000,57,83
Kherson Oblast,2.040.000,142,94
Dourdan,4.920.000,7,12
Spokane,172.000.000,53,234
Ross County,636.000.000,10,8
Pamplona,110.000.000,194,154
Klützer Winkel,718.000,,
São Bernardo do Campo,72.100.000,20,58
Tamar Regional Council,1.130.000,172,35
Lagodekhi,405.000,29,3
Liuzhou,3.650.000,9,53
Huitzilac,929.000,4,1
Hisarya,278.000,44,8
Phippsburg,914.000,5,11
Crema,1.320.000.000,28,66
Soest,32.200.000,13,24
Huron Township,8.290.000,3,
Comunità delle Giudicarie,136.000,2,10
Himeji,10.200.000,37,834
Wiesbaden,111.000.000,105,178
Copper Mountain,116.000.000,164,11
Brevard County,23.600.000,1.163,873
Pyla,3.780.000,26,11
Columbiana County,4.320.000,4,78
Unorganized Kenora District,412.000,,77
Tennessee,607.000.000,5.098,5.286
Rockley Beach,1.420.000,514,13
Solna kommun,11.500.000,16,21
Houthalen-Helchteren,3.120.000,,4
County Meath,16.300.000,,181
Sumoto,8.020.000,33,78
Interlaken-Oberhasli administrative district,133.000,,128
Mate Yehuda Regional Council,130.000,172,35
Pietermaritzburg,17.900.000,68,39
Bad Staffelstein,3.510.000,38,10
Plattsburgh,10.700.000,16,47
Ciutadella,9.550.000,157,124
Mataram,54.200.000,60,135
Sigtuna,5.840.000,7,12
Visakhapatnam,134.000.000,135,98
Village of Johnson City,184.000.000,31,7
Greenbrier County,10.100.000,1.162,32
Kotayk Province,200.000,7.155,620
Pont-à-Mousson,5.560.000,9,12
Cotonou,12.500.000,120,45
Carthage,51.300.000,35,20
Lephalale Local Municipality,199.000,,31
Güneysınır,605.000,7,
Wrexham,31.300.000,55,143
Selçuk,49.400.000,62,123
Pelotas,122.000.000,42,64
Pori,67.200.000,82,8.128
Pitlochry,4.650.000,113,83
Chihuahua,1.160.000.000,78,75
Samarkand,17.700.000,209,112
Barakaldo,8.930.000,28,26
Provo,67.400.000,24,75
Minas Gerais,1.150.000.000,3.785,2.972
Puerto Rico,2.380.000.000,218,2.945
Landkreis Traunstein,3.630.000,18,
Otago,52.300.000,1.565,1.258
Marktoberdorf,3.690.000,12,5
Gangtok,27.200.000,217,140
Williamstown,27.700.000,17,6
Bhiwani,20.300.000,2,7
Mikulov,4.430.000,162,28
Baku,1.280.000.000,895,673
Arnhem,91.700.000,42,104
Tateyama,4.720.000,18,85
Bezirk Bregenz,1.250.000,57,1
Tórshavn,2.530.000,89,38
Mesa,694.000.000,79,168
Witten,41.400.000,27,33
Bursa,196.000.000,174,291
Odder,7.780.000,23,60
Agra,1.040.000.000,204,827
Villers-lès-Nancy,4.260.000,4,2
Saint-Jean-de-Maurienne,20.100.000,27,12
Caminha,36.000.000,92,24
Herzogenrath,4.480.000,9,4
Wadern,4.030.000,17,
Kinross,11.100.000,23,29
Gebze,33.400.000,19,14
Halden,13.700.000,6,26
Maritime Alps,4.250.000,,450
District d'Aigle,2.350.000,276,246
Sherbrooke,66.200.000,21,95
el Castell de Sufera,64.800,3,64
Unorganized Borough,756.000,203,8.394
Szczecin,124.000.000,473,178
Sopron,22.600.000,119,51
Cotswold District,9.590.000,1.675,89
Fayette County,119.000.000,1.163,30
Veliky Novgorod,1.490.000,,263
Stafford,361.000.000,34,832
Lüneburg,33.800.000,108,73
Adachi,43.300.000,37,235
Jiyang Town,728.000,308,558
Kocherinovo,84.000,3,1
Halle (Saale),30.800.000,86,169
Osnabrück,91.700.000,63,63
Izola / Isola,685.000,,331
Prince Edward Island,115.000.000,161,548
Plymouth County,96.600.000,,19
Hollywood,735.000.000,160,167
Kapolei,6.060.000,20,72
Ibarra,76.300.000,34,28
Grado,2.040.000.000,261,69
Geelong,72.500.000,61,149
Vanderbijlpark,6.760.000,41,9
Pitești,7.620.000,90,32
New Shoreham,8.910.000,9,76
Ballarat,36.100.000,68,195
Elsinore,14.500.000,10,162
Thai Nguyen city,40.400.000,,11
Livingston,560.000.000,19,136
Avalon,103.000.000,,97
Lauderdale County,357.000.000,593,2
Częstochowa,41.300.000,113,55
Escambia County,5.050.000,1.162,298
Gangwon,7.820.000,247,728
San Joaquin County,22.800.000,,78
Beberibe,5.200.000,58,15
gmina Radziejowice,125.000,7,20
Wilhelmshaven,19.700.000,191,64
Zhenjiang,7.560.000,29,57
Hjørring Municipality,312.000,154,155
Böblingen,72.400.000,23,20
Jūrmala,8.940.000,287,73
Le Chesnay-Rocquencourt,1.910.000,8,2.387
Quatre Bornes,8.430.000,21,27
Dahme-Spreewald,3.180.000,399,16
Yuma,89.400.000,40,80
Heilbronn,52.900.000,44,143
Le Havre,92.400.000,191,159
Assam,200.000.000,423,346
Bhubaneshwar,19.900.000,178,125
Richardson,1.800.000.000,33,43
Albacete,65.300.000,51,77
Lappeenranta,15.800.000,21,77
Lampang Province,1.110.000,58,65
Одинцовский городской округ,1.500.000,,105
Płock,35.700.000,67,8
Sestri Levante,5.710.000,253,62
Bezirk Brugg,919.000,430,1
Varese,86.400.000,68,253
Somerville,123.000.000,8,62
Stoke-on-Trent,49.300.000,81,250
Kunming Subdistrict,154.000,117,250
Oneida County,11.400.000,1.163,23
Ventura,169.000.000,46,141
Walker County,224.000.000,,13
Kansas,609.000.000,264,361
IJsselstein,6.510.000,,13
Landkreis Karlsruhe,7.980.000,1.720,
Caetité,2.450.000,5,4
Kagoshima,26.400.000,140,442
Beer Sheva,5.570.000,46,61
Bucheon-si,1.420.000,446,59
Podčetrtek,1.080.000,60,13
Narvik,11.100.000,15,48
Espírito Santo,176.000.000,200,688
Tijuana,335.000.000,135,157
Garden Grove,1.490.000.000,19,17
Bani Sweif,306.000,,1
Wuzhen,1.580.000,13,24
Toroni Municipal Unit,64.400,375,42
Dassel,3.480.000,5,2
Teisendorf,2.160.000,23,2
Bohinj,7.260.000,313,28
Temuco,28.800.000,109,50
Rosenheim,37.000.000,26,43
Tokoname,2.040.000,21,91
Middlesbrough,79.000.000,68,105
Scottish Borders,28.300.000,474,355
Lemont,13.300.000,13,20
Chinon,118.000.000,51,58
Kigali City,17.000.000,149,362
Geneva County,48.400.000,168,32
Shaanxi,27.000.000,342,1.204
Zug,323.000.000,33,38
Surrey,1.480.000.000,399,1.069
Thanjavur,48.500.000,31,60
Jianye District,1.090.000,10,445
Verwaltungsgemeinschaft Hinterzarten,26.900,50,9
Kajang Municipal Council,103.000,3.486,445
Mitchell County,149.000.000,1.163,1
Sfax,10.600.000,33,39
Penghu,4.540.000,565,229
Brasília,1.060.000.000,372,441
Jackson,2.660.000.000,56,493
Haljala vald,1.980.000,802,11
Cullera,5.910.000,246,25
Kohala,5.120.000,240,84
Malente,2.860.000,53,2
Prince George's County,151.000.000,,2
Essaouira,8.820.000,367,335
Verwaltungsgemeinschaft Wolfach,29.800,17,4
Asahikawa,6.470.000,102,182
Jiuzhaigou,3.200.000,8,52
Schroeder,175.000.000,4,6
Pullman,117.000.000,,14
Shandong,55.200.000,795,2.045
San Justo,120.000.000,2,3
La Plata,1.600.000.000,98,84
Cencun,39.000,,1.576
San Mateo County,58.000.000,10,1
Kuala Terengganu,30.000.000,235,50
Hilo,1.190.000.000,46,206
Guarda,1.560.000.000,13,31
Marcq-en-Barœul,11.400.000,20,10
Mandi,1.150.000.000,,33
Jodhpur,158.000.000,158,427
Shinjuku,77.300.000,305,1.104
Hengshan,1.040.000,7,2.086
Neubiberg,3.350.000,,6
Nadi,214.000.000,30,177
Pistoia,40.100.000,119,203
Launceston,39.500.000,84,198
Tauranga,45.800.000,96,204
eDumbe Local Municipality,45.800,,31
Archipiélago de San Andrés,4.810.000,7,10
Chiguayante,3.150.000,,1
Provincia de Cautín,570.000,7.155,140
Binhu District,338.000,21,2.324
Golden,3.030.000.000,262,2.387
Lannion,17.100.000,75,36
Msida,3.580.000,76,10
Ramadi,2.750.000,,345
Deerfield Beach,20.800.000,51,58
Tver,147.000.000,,231
Malibu,509.000.000,39,87
Arusha,74.000.000,177,2.271
Silesian Beskids,580.000,1.258,390
Beaune,94.100.000,167,196
Prescott,167.000.000,72,162
Port Douglas,273.000.000,232,188
San Martín de Porres,12.300.000,16,1
Brindisi,59.600.000,174,127
Laghouat,5.050.000,,1
Gwalior,124.000.000,61,42
Los Alamos,36.700.000,,30
Bayreuth,49.500.000,73,73
Nomi,1.170.000.000,,38
Sonipat,42.300.000,16,6
Banff,40.900.000,52,202
San Salvador,1.890.000.000,92,130
Elephant Pound Rajaji National park Uttrakhand,14.000,33,8
Mierlo,5.650.000,6,55
Örebro,61.200.000,30,59
Allerdale,858.000,,52
Manhattan Beach,567.000.000,13,5.622
Fira,56.200.000,338,169
Quzhou,4.690.000,2,32
Antigua Guatemala,1.610.000.000,229,343
New South Wales,2.820.000.000,10.664,9.868
Mainz,132.000.000,127,149
Fiesole,8.390.000,42,34
Offenburg,20.600.000,28,43
Cantabria,103.000.000,2.265,986
Xining,3.150.000,38,73
Shuyuanjie,6.570,298,
Bernalda,1.860.000,42,29
Voronezh,8.750.000,,326
Fuyang City,4.440.000,28,13
Ube,70.500.000,87,62
Netanya,5.980.000,99,50
Quincy,110.000.000,9,3.145
Δήμος Αλμωπίας,150.000,786,25
Bremerhaven,102.000.000,218,89
Aulendorf,3.460.000,12,5
Antimachia,127.000,86,5
Việt Trì,219.000.000,6,
Kien Giang Province,3.250.000,484,347
Tam Kỳ City,46.200.000,150,12
Bayonne,63.500.000,143,100
Fethiye,32.300.000,1.021,308
Dorval,11.000.000,20,51
Peso da Régua,7.020.000,89,55
Malabe,2.660.000,7,11
Großer Müggelsee,214.000,13,495
Bad Wildbad,3.750.000,51,12
Erice,10.400.000,317,89
Georgia,1.110.000.000,10.070,2.472
Larimer County,10.900.000,1.163,11
Boulogne-sur-Mer,30.700.000,260,51
Galway City,58.800.000,224,438
Sandy,1.920.000.000,21,671
Depok,112.000.000,45,32
Manama,19.400.000,146,128
Žilina,31.800.000,59,302
Tebessa,5.040.000,,3
Durgapur,41.600.000,14,14
La Paz,1.740.000.000,183,270
Wangjing,2.800.000,38,2.463
Leixlip,2.340.000,4,8
Tiruchirappalli,24.100.000,80,66
gmina Zadzim,146.000,247,20
Victorville,17.300.000,18,19
Kota Bharu,14.400.000,319,40
Lieusaint,8.470.000,3,13
Gandia,16.400.000,,72
Volterra,13.800.000,155,81
Doberschau-Gaußig - Dobruša-Huska,5.240,1.922,
Kaliningrad,24.900.000,,450
Ingolstadt,82.300.000,62,66
Rhineland-Palatinate,7.650.000,6.341,3.18
Maharashtra,1.570.000.000,4.759,3.874
Bidar,19.300.000,129,35
Aurangabad,113.000.000,80,91
Indramayu Regency,1.960.000,,6
Steyr,48.200.000,23,75
Nardò,5.830.000,336,83
Ugento,2.800.000,120,51
Douglass Township,13.900.000,636,183
Yamagata,34.300.000,151,248
Мичуринский сельсовет,145.000,,1
Zermatt,17.900.000,524,138
Jeju-si,18.300.000,285,178
Carmignano,3.020.000,29,34
Ikoma,8.040.000,3,67
Steinfeld,33.900.000,,1
Assis Chateaubriand,4.750.000,,
Londrina,97.700.000,47,108
Marabá,22.900.000,14,11
Montego Bay,20.800.000,225,608
Ying County,18.300.000,,2
Zhongshan,27.600.000,101,234
Arona,111.000.000,78,369
Stillwater,137.000.000,11,62
Avcılar,27.100.000,42,4.351
Santa Marta,164.000.000,925,292
Missoula,167.000.000,40,145
Kühlungsborn,5.090.000,1.057,14
Koto,521.000.000,1.120,214
Mauna Kea,7.480.000,,12
Rockbridge County,5.360.000,1.163,12
Cuenca,249.000.000,255,265
Rhodes,1.730.000.000,2.698,951
Lublin,115.000.000,333,105
Nałęczów,5.290.000,64,4
South District,5.270.000.000,198,17
Marbella,108.000.000,2.643,450
Saint Louis County,3.740.000.000,,34
Bussolengo,3.790.000,32,21
Pharr,13.200.000,10,9
Bourges,60.600.000,119,53
New Rochelle,161.000.000,5,25
Teruel,51.400.000,117,82
Limoges,137.000.000,143,92
Charleroi,39.900.000,37,102
City of London,2.940.000.000,4.850,8.394
Kralendijk,14.800.000,215,213
Nevis,1.690.000.000,8,75
Mecklenburg-Vorpommern,112.000.000,21.546,1.31
Galați,8.930.000,128,21
Wisconsin,3.410.000.000,101,148
Bernal,113.000.000,42,13
North Rhine-Westphalia,13.200.000,8.402,6.485
Kocaeli,186.000.000,32,94
Karon,21.000.000,136,251
Boxing County,66.100.000,,7
Windermere,30.900.000,404,59
Lleida,66.000.000,27,106
Ripollet,4.960.000,4,16
Handan,9.820.000,17,43
Mangalia,5.810.000,224,12
Dolgoprudny,848.000,,40
Town of Horicon,2.940.000,32,11
Paraíba,116.000.000,1.156,432
Joensuu,23.300.000,22,48
Bizerte,6.540.000,21,15
Speyer,30.000.000,51,40
Lakeland,118.000.000,46,113
Positano,19.400.000,381,198
Cáceres,68.400.000,176,192
Raesfeld,2.260.000,3,2
Leicestershire,37.500.000,535,750
Aalen,19.300.000,47,42
Ayr,43.500.000,122,100
Newton Mearns,1.640.000,,6
Feldkirchen,8.470.000,38,1
Altoona,25.200.000,15,38
Bezirk Freistadt,3.360.000,2,1
Howard County,147.000.000,,30
Tangshan,5.800.000,21,60
Loja,314.000.000,38,36
Cartago,22.400.000,24,38
Caracas,110.000.000,32,183
Tatarstan,8.590.000,,66
Suva,25.400.000,1.494,45
Otsu,14.900.000,46,540
Abingdon,49.600.000,19,46
Cedillo,8.390.000,,1
Huludao City,1.030.000,4,25
Suhl,9.370.000,29,20
Scranton,50.200.000,8,100
Barguna Sadar Subdistrict,5.630,,3
Mittweida,4.740.000,7,6
Arad,66.200.000,189,19
Tonalá,11.900.000,,12
San Cristóbal de La Laguna,14.200.000,157,90
Nadroga-Navosa,96.900,70,
Lansing,122.000.000,24,124
Yanji,1.830.000,6,14
Udaipur,83.800.000,527,553
Borås,25.800.000,10,146
Deqing,1.270.000,39,25
Menorca,43.800.000,1.937,467
Provincetown,10.100.000,86,160
La Spezia,82.700.000,814,177
Valenciennes,38.700.000,114,39
Chiyoda,18.600.000,134,929
Gipuzkoa,26.600.000,828,339
Valencian Community,163.000.000,,3.488
Kosinsky District,3.840.000,3.488,
South Canberra,161.000.000,156,445
Eichstätt,8.320.000,12,76
La Tour-du-Pin,48.100.000,14,3
Central Bedfordshire,13.100.000,,156
Chandigarh,1.250.000.000,137,198
Monthey,4.130.000,6,8
Kittilä,5.030.000,40,17
Cao Bằng City,42.800.000,32,10
Dalat,10.700.000,952,275
Akron,125.000.000,,107
Yalta,44.600.000,,114
Vladivostok,26.400.000,,437
Visegrád,3.660.000,30,14
Baden-Württemberg,1.160.000.000,188,5.385
Draguignan,54.900.000,81,23
Neu-Isenburg,7.630.000,15,27
Kota Samarahan,3.610.000,14,1
Blagoevgrad,3.340.000,51,164
Shunde,4.450.000,36,254
Kingsville,15.600.000,12,38
Villa Clara,262.000.000,,52
Sosnoviy Bor,14.100.000,,1
Bellingham,84.800.000,35,163
Brandenburg an der Havel,8.920.000,48,29
Taitung County,1.920.000,867,113
Preveza,5.830.000,272,38
Vaduz,22.300.000,9,50
Gifu,31.700.000,412,208
Kasane,5.260.000,31,76
Veneto,213.000.000,14.714,12.031
Bastia,30.500.000,177,82
Laramie,33.700.000,33,63
Longyearbyen,15.300.000,12,51
Shijiazhuang City,9.810.000,16,77
